{
  "timestamp": "2025-09-18 23:38:11",
  "runtime_seconds": 3.722628116607666,
  "parameters": {
    "n_trials": 50,
    "threshold": 10.0,
    "dt": 0.5,
    "coherences": [
      0.0,
      0.128,
      0.256,
      0.512
    ],
    "seed": 42
  },
  "network_parameters": {
    "N_E1": 240,
    "N_E2": 240,
    "N_I": 60,
    "w_plus": 1.7,
    "w_minus": 1.0,
    "w_I": 1.0,
    "tau_s": 100.0,
    "I0": 0.3255,
    "JA_ext": 0.00052,
    "mu0": 40.0,
    "a": 270.0,
    "b": 108.0,
    "d": 0.154,
    "sigma": 0.02
  }
}